{"name":"d57d966e-5c03-43af-9ea1-4f361e9adc09","id":"/providers/Microsoft.Flow/flows/d57d966e-5c03-43af-9ea1-4f361e9adc09","type":"Microsoft.Flow/flows","properties":{"apiId":"/providers/Microsoft.PowerApps/apis/shared_logicflows","displayName":"HTTP SharePoint REST Rename column","definition":{"metadata":{"workflowEntityId":null,"processAdvisorMetadata":null,"flowChargedByPaygo":null,"flowclientsuspensionreason":"None","flowclientsuspensiontime":null,"flowclientsuspensionreasondetails":null,"creator":{"id":"a923fbe7-ebd2-41be-b04c-4e5e4c872fb6","type":"User","tenantId":"872e58d1-c7a9-4519-9595-600305d796a7"},"provisioningMethod":"FromDefinition","failureAlertSubscription":true,"clientLastModifiedTime":"2024-02-08T17:51:08.6124087Z","connectionKeySavedTimeKey":"2024-02-08T17:51:08.6124087Z"},"$schema":"https://schema.management.azure.com/providers/Microsoft.Logic/schemas/2016-06-01/workflowdefinition.json#","contentVersion":"undefined","parameters":{"$authentication":{"defaultValue":{},"type":"SecureObject"},"$connections":{"defaultValue":{},"type":"Object"}},"triggers":{"manual":{"type":"Request","kind":"Button","inputs":{"schema":{"type":"object","properties":{},"required":[]}}}},"actions":{"Localize_French_Field":{"runAfter":{"FrenchField":["Succeeded"]},"type":"OpenApiConnection","inputs":{"parameters":{"dataset":"https://cleverpointlab.sharepoint.com/sites/MultilingualTeamSite","parameters/method":"POST","parameters/uri":"_vti_bin/client.svc/ProcessQuery","parameters/body":"<Request AddExpandoFieldTypeSuffix=\"true\" SchemaVersion=\"15.0.0.0\" LibraryVersion=\"16.0.0.0\" ApplicationName=\"SharePoint PnP PowerShell Library\" xmlns=\"http://schemas.microsoft.com/sharepoint/clientquery/2009\"><Actions><ObjectPath Id=\"3841\" ObjectPathId=\"3840\" /><Method Name=\"SetValueForUICulture\" Id=\"3842\" ObjectPathId=\"3840\"><Parameters><Parameter Type=\"String\">en-US</Parameter><Parameter Type=\"String\">testEn</Parameter></Parameters></Method><Method Name=\"SetValueForUICulture\" Id=\"3843\" ObjectPathId=\"3840\"><Parameters><Parameter Type=\"String\">fr-FR</Parameter><Parameter Type=\"String\">HELLO SYED HANIFA FRENCH</Parameter></Parameters></Method><Method Name=\"Update\" Id=\"3844\" ObjectPathId=\"3835\" /></Actions><ObjectPaths><Property Id=\"3840\" ParentId=\"3835\" Name=\"TitleResource\" /><Identity Id=\"3835\" Name=\"@{outputs('FrenchField')}\" /></ObjectPaths></Request>"},"host":{"apiId":"/providers/Microsoft.PowerApps/apis/shared_sharepointonline","connectionName":"shared_sharepointonline","operationId":"HttpRequest"},"authentication":{"value":"@json(decodeBase64(triggerOutputs().headers['X-MS-APIM-Tokens']))['$ConnectionKey']","type":"Raw"}}},"Get_Web_Id":{"runAfter":{"Get_Site_ID":["Succeeded"]},"type":"OpenApiConnection","inputs":{"parameters":{"dataset":"https://cleverpointlab.sharepoint.com/sites/MultilingualTeamSite","parameters/method":"GET","parameters/uri":"_api/web/id","parameters/headers":{"accept":"application/json; odata=nometadata"}},"host":{"apiId":"/providers/Microsoft.PowerApps/apis/shared_sharepointonline","connectionName":"shared_sharepointonline","operationId":"HttpRequest"},"authentication":{"value":"@json(decodeBase64(triggerOutputs().headers['X-MS-APIM-Tokens']))['$ConnectionKey']","type":"Raw"}}},"Get_Site_ID":{"runAfter":{},"type":"OpenApiConnection","inputs":{"parameters":{"dataset":"https://cleverpointlab.sharepoint.com/sites/MultilingualTeamSite","parameters/method":"GET","parameters/uri":"_api/site/id","parameters/headers":{"accept":"application/json; odata=nometadata"}},"host":{"apiId":"/providers/Microsoft.PowerApps/apis/shared_sharepointonline","connectionName":"shared_sharepointonline","operationId":"HttpRequest"},"authentication":{"value":"@json(decodeBase64(triggerOutputs().headers['X-MS-APIM-Tokens']))['$ConnectionKey']","type":"Raw"}}},"Get_List_Id":{"runAfter":{"Get_Web_Id":["Succeeded"]},"type":"OpenApiConnection","inputs":{"parameters":{"dataset":"https://cleverpointlab.sharepoint.com/sites/MultilingualTeamSite","parameters/method":"GET","parameters/uri":"_api/web/lists/getByTitle('MultilingualList')/id","parameters/headers":{"accept":"application/json; odata=nometadata"}},"host":{"apiId":"/providers/Microsoft.PowerApps/apis/shared_sharepointonline","connectionName":"shared_sharepointonline","operationId":"HttpRequest"},"authentication":{"value":"@json(decodeBase64(triggerOutputs().headers['X-MS-APIM-Tokens']))['$ConnectionKey']","type":"Raw"}}},"FrenchField":{"runAfter":{"Get_List_Id":["Succeeded"]},"type":"Compose","inputs":"3b8609a1-809e-4000-e1c1-86d4e9ce88a1|740c6a0b-85e2-48a0-a494-e0f1759d4aa7\n:site:@{body('Get_Site_ID')['value']}:web:@{body('Get_Web_Id')['value']}:list:@{body('Get_List_Id')['value']}:field:370d58f7-cb3d-4851-a6b6-aa3d29c54f69 "},"Localize_French_List":{"runAfter":{"FrenchList":["Succeeded"]},"type":"OpenApiConnection","inputs":{"parameters":{"dataset":"https://cleverpointlab.sharepoint.com/sites/MultilingualTeamSite","parameters/method":"POST","parameters/uri":"_vti_bin/client.svc/ProcessQuery","parameters/body":"<Request AddExpandoFieldTypeSuffix=\"true\" SchemaVersion=\"15.0.0.0\" LibraryVersion=\"16.0.0.0\" ApplicationName=\"SharePoint PnP PowerShell Library\" xmlns=\"http://schemas.microsoft.com/sharepoint/clientquery/2009\"><Actions><Method Name=\"SetValueForUICulture\" Id=\"142\" ObjectPathId=\"137\"><Parameters><Parameter Type=\"String\">fr-FR</Parameter><Parameter Type=\"String\">SYED FRENCHLISTHANIFA FRENCH</Parameter></Parameters></Method><Method Name=\"Update\" Id=\"143\" ObjectPathId=\"126\" Version=\"60\" /></Actions><ObjectPaths><Property Id=\"137\" ParentId=\"126\" Name=\"TitleResource\" /><Identity Id=\"126\" Name=\"@{outputs('FrenchList')}\" /></ObjectPaths></Request>"},"host":{"apiId":"/providers/Microsoft.PowerApps/apis/shared_sharepointonline","connectionName":"shared_sharepointonline","operationId":"HttpRequest"},"authentication":{"value":"@json(decodeBase64(triggerOutputs().headers['X-MS-APIM-Tokens']))['$ConnectionKey']","type":"Raw"}}},"FrenchList":{"runAfter":{"Localize_French_Field":["Succeeded"]},"type":"Compose","inputs":"b38c09a1-d07b-4000-ecc3-9a03a6dc2f1b|740c6a0b-85e2-48a0-a494-e0f1759d4aa7:site:@{body('Get_Site_ID')['value']}:web:@{body('Get_Web_Id')['value']}:list:@{body('Get_List_Id')['value']}"},"Localize_French_Site":{"runAfter":{"FrenchWeb":["Succeeded"]},"type":"OpenApiConnection","inputs":{"parameters":{"dataset":"https://cleverpointlab.sharepoint.com/sites/MultilingualTeamSite","parameters/method":"POST","parameters/uri":"_vti_bin/client.svc/ProcessQuery","parameters/body":"<Request AddExpandoFieldTypeSuffix=\"true\" SchemaVersion=\"15.0.0.0\" LibraryVersion=\"16.0.0.0\" ApplicationName=\"SharePoint PnP PowerShell Library\" xmlns=\"http://schemas.microsoft.com/sharepoint/clientquery/2009\"><Actions><ObjectPath Id=\"147\" ObjectPathId=\"146\" /><Method Name=\"SetValueForUICulture\" Id=\"148\" ObjectPathId=\"146\"><Parameters><Parameter Type=\"String\">fr-FR</Parameter><Parameter Type=\"String\">FRENCH SYEDTEST with DENIS</Parameter></Parameters></Method><Method Name=\"Update\" Id=\"149\" ObjectPathId=\"3\" /></Actions><ObjectPaths><Property Id=\"146\" ParentId=\"3\" Name=\"TitleResource\" /><Identity Id=\"3\" Name=\"@{outputs('FrenchWeb')}\" /></ObjectPaths></Request>"},"host":{"apiId":"/providers/Microsoft.PowerApps/apis/shared_sharepointonline","connectionName":"shared_sharepointonline","operationId":"HttpRequest"},"authentication":{"value":"@json(decodeBase64(triggerOutputs().headers['X-MS-APIM-Tokens']))['$ConnectionKey']","type":"Raw"}}},"FrenchWeb":{"runAfter":{"Localize_French_List":["Succeeded"]},"type":"Compose","inputs":"b38c09a1-d07b-4000-ecc3-9a03a6dc2f1b|740c6a0b-85e2-48a0-a494-e0f1759d4aa7:site:@{body('Get_Site_ID')['value']}:web:@{body('Get_Web_Id')['value']}"},"Localize_French_Quick_Link":{"runAfter":{"FrenchQuickLink":["Succeeded"]},"type":"OpenApiConnection","inputs":{"parameters":{"dataset":"https://cleverpointlab.sharepoint.com/sites/MultilingualTeamSite","parameters/method":"POST","parameters/uri":"_vti_bin/client.svc/ProcessQuery","parameters/body":"<Request AddExpandoFieldTypeSuffix=\"true\" SchemaVersion=\"15.0.0.0\" LibraryVersion=\"16.0.0.0\" ApplicationName=\"SharePoint PnP PowerShell Library\" xmlns=\"http://schemas.microsoft.com/sharepoint/clientquery/2009\"><Actions><Method Name=\"SetValueForUICulture\" Id=\"187\" ObjectPathId=\"181\"><Parameters><Parameter Type=\"String\">fr-FR</Parameter><Parameter Type=\"String\">SYED DOCUMENT LIBARY FRENCH</Parameter></Parameters></Method><Method Name=\"Update\" Id=\"188\" ObjectPathId=\"176\" /><Query Id=\"189\" ObjectPathId=\"176\"><Query SelectAllProperties=\"false\"><Properties><Property Name=\"AudienceIds\" ScalarProperty=\"true\" /><Property Name=\"CurrentLCID\" ScalarProperty=\"true\" /><Property Name=\"Id\" ScalarProperty=\"true\" /><Property Name=\"IsDocLib\" ScalarProperty=\"true\" /><Property Name=\"IsExternal\" ScalarProperty=\"true\" /><Property Name=\"IsVisible\" ScalarProperty=\"true\" /><Property Name=\"ListTemplateType\" ScalarProperty=\"true\" /><Property Name=\"Title\" ScalarProperty=\"true\" /><Property Name=\"Url\" ScalarProperty=\"true\" /></Properties></Query></Query></Actions><ObjectPaths><Property Id=\"181\" ParentId=\"176\" Name=\"TitleResource\" /><Identity Id=\"176\" Name=\"@{outputs('FrenchQuickLink')}\" /></ObjectPaths></Request>"},"host":{"apiId":"/providers/Microsoft.PowerApps/apis/shared_sharepointonline","connectionName":"shared_sharepointonline","operationId":"HttpRequest"},"authentication":{"value":"@json(decodeBase64(triggerOutputs().headers['X-MS-APIM-Tokens']))['$ConnectionKey']","type":"Raw"}}},"FrenchQuickLink":{"runAfter":{"Get_Quick_Link_Nodes":["Succeeded"]},"type":"Compose","inputs":"b38c09a1-d07b-4000-ecc3-9a03a6dc2f1b|740c6a0b-85e2-48a0-a494-e0f1759d4aa7:site:@{body('Get_Site_ID')['value']}:web:@{body('Get_Web_Id')['value']}:navnode:2001"},"Get_Quick_Link_Nodes":{"runAfter":{"Localize_French_Site":["Succeeded"]},"type":"OpenApiConnection","inputs":{"parameters":{"dataset":"https://cleverpointlab.sharepoint.com/sites/MultilingualTeamSite","parameters/method":"POST","parameters/uri":"_vti_bin/client.svc/ProcessQuery","parameters/body":"<Request AddExpandoFieldTypeSuffix=\"true\" SchemaVersion=\"15.0.0.0\" LibraryVersion=\"16.0.0.0\" ApplicationName=\"SharePoint PnP PowerShell Library\" xmlns=\"http://schemas.microsoft.com/sharepoint/clientquery/2009\"><Actions><Query Id=\"191\" ObjectPathId=\"152\"><Query SelectAllProperties=\"true\"><Properties /></Query><ChildItemQuery SelectAllProperties=\"true\"><Properties /></ChildItemQuery></Query></Actions><ObjectPaths><Property Id=\"152\" ParentId=\"150\" Name=\"QuickLaunch\" /><Property Id=\"150\" ParentId=\"3\" Name=\"Navigation\" /><Identity Id=\"3\" Name=\"@{outputs('FrenchWeb')}\" /></ObjectPaths></Request>"},"host":{"apiId":"/providers/Microsoft.PowerApps/apis/shared_sharepointonline","connectionName":"shared_sharepointonline","operationId":"HttpRequest"},"authentication":{"value":"@json(decodeBase64(triggerOutputs().headers['X-MS-APIM-Tokens']))['$ConnectionKey']","type":"Raw"}}}}},"connectionReferences":{"shared_sharepointonline":{"connectionName":"62fd6d14d516459b8c6a15f103e26d87","source":"Invoker","id":"/providers/Microsoft.PowerApps/apis/shared_sharepointonline","tier":"NotSpecified"}},"flowFailureAlertSubscribed":false,"isManaged":false}}